{"cameraMode":{"drawMode":0,"name":"Shaded","section":"Shading Mode"},"sceneLighting":true,"audioPlay":false,"sceneViewState":{"m_AlwaysRefresh":false,"showFog":true,"showSkybox":true,"showFlares":true,"showImageEffects":true,"showParticleSystems":true,"showVisualEffectGraphs":true,"m_FxEnabled":true},"in2DMode":false,"pivot":{"x":-2.2305822372436525,"y":1.5826001167297364,"z":27.205013275146486},"rotation":{"x":-0.09275225549936295,"y":0.7049151659011841,"z":-0.09381420910358429,"w":-0.6969257593154907},"size":1.4312928915023804,"orthographic":false}